{"cameraMode":{"drawMode":0,"name":"Shaded","section":"Shading Mode"},"sceneLighting":false,"audioPlay":false,"sceneViewState":{"showFog":true,"showMaterialUpdate":false,"showSkybox":false,"showFlares":true,"showImageEffects":true,"showParticleSystems":true},"in2DMode":false,"pivot":{"x":0.22827482223510743,"y":-0.7426400184631348,"z":-0.6510595679283142},"rotation":{"x":-0.0877886712551117,"y":0.7462618947029114,"z":-0.10045731067657471,"w":-0.6521496772766113},"size":2.699986696243286,"orthographic":false}