{"cameraMode":{"drawMode":0,"name":"Shaded","section":"Shading Mode"},"sceneLighting":false,"audioPlay":false,"sceneViewState":{"showFog":true,"showMaterialUpdate":false,"showSkybox":false,"showFlares":true,"showImageEffects":true,"showParticleSystems":true},"in2DMode":false,"pivot":{"x":10.579999923706055,"y":-5.059999942779541,"z":0.0},"rotation":{"x":0.00024362493422813714,"y":0.9997298717498779,"z":-0.012307076714932919,"w":0.019797399640083314},"size":14.327840805053711,"orthographic":false}